id,title,priority,schedule,owner_role,dependencies,acceptance,estimated_engineering_days,status
SS-01,现状与聚合基线,P0,W1,产品/工程,无,路由/版本/数据与权限清单,2–3,planned
SS-02,临床数据字典,P0,W1–W2,PI/数据负责人,01,来源/分型/活动/变化/坐标签字版,1–2,planned
SS-03,同意协议与伦理适用性,P0,W2–W3,PI/隐私负责人,02,目的/对象/机构/撤回及伦理依据,1–2,planned
SS-04,对象级授权服务,P0,W3–W5,工程,03,Grant/Scope/Event和统一权限默认拒绝；【已完成】后端与测试；待部署，新建授权需设DATA_CONSENT_GRANTS_ENABLED；can_use尚未接入训练导出（待决策）,6–8,deployed_backend_gate_live
SS-05,我的贡献页面,P0,W5–W6,前端,04,自主选记录和目的；拒绝不阻断个人服务,3–4,planned
SS-06,撤回删除回收,P0,W6–W7,工程/数据负责人,04,作业停止/链接失效/衍生工单/恢复删除,4–6,planned
SS-07,标准拍摄和事实标签,P1,W7–W8,前端/PI,02,时间来源/左右/质量/参照/未知及5人观察,4–5,planned
SS-08,100张盲双标试运行,P1,W8–W9,标注负责人/医生,02/04,独立标注/仲裁/时长与成本,2–3,planned
SS-09,50主题证据审核,P1,W5–W10,编辑/PI,03,证据主张/来源/审核/版本,3–4,planned
SS-10,人工复诊资料和付费试验,P1,W9–W11,产品/运营,07,10份样例/30人试用/真实支付退款使用,1–2,planned
SS-11,隔离训练和manifest接线,P0,W10–W12,ML/工程,04/06/08,适用授权/subject隔离/禁止共享后端激活,3–4,planned
SS-12,90天门槛评审,P1,W12–W13,项目负责人,01–11适用项,质量/成本/使用/付款与缩减或继续决策,2,planned
SS-13,专家标注任务和标签版本,P1,M4–M6,工程/标注负责人,08/12,普通20%双标和固定测试100%双标,6–10,planned
SS-14,数据集版本审批,P0,M4–M6,工程/数据负责人,11/13,每样本授权/split/hash/参考/失效谱系,5–8,planned
SS-15,测量定义与历史兼容,P0,M4–M6,工程/PI,02/07,局部占比/尺度/BSA/VASI区分；历史保护,4–6,planned
SS-16,模型基线和学习曲线,P1,M5–M8,ML,14/15,固定验证测试与基线/失败分组,10–20,planned
SS-17,配准可比性和重复性,P1,M5–M8,工程/ML/PI,15,不可比不量化；重复拍摄误差,6–10,planned
SS-18,自动复诊资料包,P1,M4–M7,工程/运营,10/15,本人核对和10次就医使用,6–9,planned
SS-19,知识浏览证据卡纠错,P1,M4–M7,工程/编辑/PI,09/12,200题/50专家抽查和版本,5–8,planned
SS-20,治疗暴露结局随访,P1,M6–M9,工程/PI/运营,02/18/机构协议,时间/合并治疗/依从性/风险/缺失来源,5–8,planned
SS-21,机构限范围资料工作台,P1,M6–M9,工程/机构负责人,04/06/18/合同,机构隔离/到期/审计/真实使用,6–10,planned
SS-22,外部验证模型卡,P0,M7–M10,ML/PI/统计,16/17/独立来源,固定评测/患者CI/分组/外部范围,10–15,planned
SS-23,影子发布回退,P0,M9–M11,工程/PI/发布负责人,22,批准/开关/候选不激活/历史不改/回退,4–6,planned
SS-24,研究报名试验信息,P2,M9–M12或延后,工程/PI,03/20/21,具体项目独立同意与注册状态核实,4–7,planned
SS-25,收费交付机构续约,P1,M4–M12,产品/运营/机构负责人,10/18/21,实际履约退款净贡献复购续约,3–5,planned
SS-26,存储备份防篡改,P0,M2–M12,工程/数据负责人,04/06,私有存储/独立存证/恢复重放/容量阈值,4–8,planned
SS-27,调养辅助模块收敛,P2,M4–M12,产品/前端,12,护理来源和推广披露；生成图排除临床集,1–3,planned
SS-28,年度评审与预算,P1,M12,全部负责人,全部适用项,数据/临床/商业/安全证据和下一年预算,2–3,planned
SS-29,P0缺陷修复包（撤回逻辑/注销报错与残留/后台路由遮蔽/入训练默认值）,P0,W1–W2,工程,无,撤回后授权失效且有测试；有日记账号可注销并清理VASI数据；queue/export不再422；入训练默认不勾选（均已部署核验）,3–5,deployed_2026-10-07
SS-30,标签协议v1与枚举落库,P0,W1–W3,PI/数据负责人/工程,02,诊断/分型/活动/治疗反应分字段；所有字段含不知道/无法判断；诊断带依据与信心；mimic类别表；协议版本号,3–4,planned
SS-31,角色与资质（标注员/管理员/医生/仲裁/发布批准）,P0,W3–W5,工程/数据负责人,03/30,权限不再只看is_admin；医生复用DoctorVerification并增临床参考资质；标注员不能批准入训练或激活模型,4–6,planned
SS-32,用户端渐进式事实采集（微询问，见08）,P0,W4–W6,前端/PI,05/30,首批Q1-Q5按触发时机逐个出现；每次打开最多1题、每周最多3题；全部含不知道；跳过14天内不再出现；不阻断记录与资料包；【已完成】后端服务与API；前端卡片未做,5–7,backend_deployed_frontend_staging
SS-33,档案与治疗事件绑定,P1,W6–W8,工程/前端,32,VASIAssessment关联profile_id；TreatmentEvent可由用户录入和修正；旧数据不静默改写,4–6,planned
SS-34,成套标准拍摄引导,P1,W7–W10,前端/PI,07/30,按解剖单元的成套清单；背景/光线/标尺示意图；同部位叠加上次轮廓；对照白癜风摄影共识,6–9,planned
SS-35,质量门禁增强与肤色辅助,P1,W8–W11,工程/ML,07,皮肤占比/反光/遮挡/对焦；拒收须人复核；MST仅作候选须人复核,5–8,planned
SS-36,医生盲审与仲裁工作台（远程判读队列，见08）,P1,M3–M5,工程/PI,31/13,卡片式判读≤30秒/张；隐藏AI与用户标签；不可判读为合法值；批次一致率反馈；分歧自动入仲裁队列；记录资质与依据,6–9,planned
SS-37,后台标注效率工具与盲标模式,P1,W5–W8,前端/工程,30,接入SAM点选精修；启用多边形/套索；盲标不预填并记录预填来源,5–8,planned
SS-38,覆盖矩阵与金标准占比仪表盘,P1,M4–M6,工程,14/30,带医生参考占比/覆盖矩阵/双标一致性/标注分钟/返工率/漏斗,4–6,planned
SS-39,mimic负例与外部对照采集协议,P1,M2–M6,PI/运营,03,医生确认诊断与依据；来源与许可登记；公开数据只作外部对照,2–3+运营,planned
SS-40,去标识与脱敏（EXIF/GPS/面部最小裁剪）,P1,M2–M5,工程,04,社区图与原图上传清理EXIF/GPS；脱敏策略分部位；访问仍受私有控制,4–6,planned
SS-41,标注员准入（保密协议/最小权限/访问审计/校准考核）,P0,W2–W4,数据负责人/运营/工程,31,保密协议已签；培训考核通过；账号仅可见分配任务；访问可审计；SS-31上线前不发账号,2–3+运营,planned
SS-42,医生扫码确认（患者出示二维码+医生一页纸表单）,P1,M3–M5,工程/前端/PI,04/31/30,二维码5分钟有效且可撤销；医生页只读授权范围；表单全点选≤90秒；提交后患者端显示医生已确认并写入T3标签,8–12,planned
SS-43,门诊采集模式（常规10张清单引导）,P1,M4–M6,前端/工程/研究助理,42/34,扫码后按部位清单逐张拍摄；自动质量检查；来源标记门诊/设备；患者单独确认授权,6–9,planned
SS-44,合作文件包（协议/伦理意见/报酬与署名/兼职合规）,P0,W1–W6,你/PI/法务,无,顾问或合作协议签署；伦理意见书面；法务8个问题书面答复；报酬与成果归属一页纸,非工程,planned
SS-45,回顾性数据导入与去标识工具（医院自助）,P2,M6–M9,工程/医院信息科,44/04,清理EXIF/GPS；随机ID；映射表留院内；质量校验与清单；仅在伦理允许时使用,5–8,planned
